"STATION,""NAME"",""DATE"",""TMAX"",""TMIN"""
"USW00023272,""SAN FRANCISCO DOWNTOWN, CA US"",""2018-01-01"",""61"",""48"""
"USW00023272,""SAN FRANCISCO DOWNTOWN, CA US"",""2018-01-02"",""61"",""52"""
"USW00023272,""SAN FRANCISCO DOWNTOWN, CA US"",""2018-01-03"",""58"",""53"""
"USW00023272,""SAN FRANCISCO DOWNTOWN, CA US"",""2018-01-04"",""63"",""53"""
"USW00023272,""SAN FRANCISCO DOWNTOWN, CA US"",""2018-01-05"",""61"",""52"""
"USW00023272,""SAN FRANCISCO DOWNTOWN, CA US"",""2018-01-06"",""59"",""50"""
"USW00023272,""SAN FRANCISCO DOWNTOWN, CA US"",""2018-01-07"",""52"",""48"""
"USW00023272,""SAN FRANCISCO DOWNTOWN, CA US"",""2018-01-08"",""58"",""51"""
"USW00023272,""SAN FRANCISCO DOWNTOWN, CA US"",""2018-01-09"",""59"",""51"""
"USW00023272,""SAN FRANCISCO DOWNTOWN, CA US"",""2018-01-10"",""56"",""50"""
"USW00023272,""SAN FRANCISCO DOWNTOWN, CA US"",""2018-01-11"",""60"",""52"""
"USW00023272,""SAN FRANCISCO DOWNTOWN, CA US"",""2018-01-12"",""59"",""50"""
"USW00023272,""SAN FRANCISCO DOWNTOWN, CA US"",""2018-01-13"",""63"",""47"""
"USW00023272,""SAN FRANCISCO DOWNTOWN, CA US"",""2018-01-14"",""58"",""49"""
"USW00023272,""SAN FRANCISCO DOWNTOWN, CA US"",""2018-01-15"",""62"",""49"""
"USW00023272,""SAN FRANCISCO DOWNTOWN, CA US"",""2018-01-16"",""60"",""54"""
"USW00023272,""SAN FRANCISCO DOWNTOWN, CA US"",""2018-01-17"",""59"",""53"""
"USW00023272,""SAN FRANCISCO DOWNTOWN, CA US"",""2018-01-18"",""56"",""50"""
"USW00023272,""SAN FRANCISCO DOWNTOWN, CA US"",""2018-01-19"",""57"",""48"""
"USW00023272,""SAN FRANCISCO DOWNTOWN, CA US"",""2018-01-20"",""57"",""43"""
"USW00023272,""SAN FRANCISCO DOWNTOWN, CA US"",""2018-01-21"",""57"",""45"""
"USW00023272,""SAN FRANCISCO DOWNTOWN, CA US"",""2018-01-22"",""58"",""50"""
"USW00023272,""SAN FRANCISCO DOWNTOWN, CA US"",""2018-01-23"",""58"",""46"""
"USW00023272,""SAN FRANCISCO DOWNTOWN, CA US"",""2018-01-24"",""58"",""48"""
"USW00023272,""SAN FRANCISCO DOWNTOWN, CA US"",""2018-01-25"",""58"",""46"""
"USW00023272,""SAN FRANCISCO DOWNTOWN, CA US"",""2018-01-26"",""56"",""45"""
"USW00023272,""SAN FRANCISCO DOWNTOWN, CA US"",""2018-01-27"",""60"",""45"""
"USW00023272,""SAN FRANCISCO DOWNTOWN, CA US"",""2018-01-28"",""66"",""47"""
"USW00023272,""SAN FRANCISCO DOWNTOWN, CA US"",""2018-01-29"",""63"",""52"""
"USW00023272,""SAN FRANCISCO DOWNTOWN, CA US"",""2018-01-30"",""65"",""50"""
"USW00023272,""SAN FRANCISCO DOWNTOWN, CA US"",""2018-01-31"",""67"",""50"""
"USW00023272,""SAN FRANCISCO DOWNTOWN, CA US"",""2018-02-01"",""71"",""53"""
"USW00023272,""SAN FRANCISCO DOWNTOWN, CA US"",""2018-02-02"",""73"",""54"""
"USW00023272,""SAN FRANCISCO DOWNTOWN, CA US"",""2018-02-03"",""74"",""54"""
"USW00023272,""SAN FRANCISCO DOWNTOWN, CA US"",""2018-02-04"",""74"",""57"""
"USW00023272,""SAN FRANCISCO DOWNTOWN, CA US"",""2018-02-05"",""77"",""54"""
"USW00023272,""SAN FRANCISCO DOWNTOWN, CA US"",""2018-02-06"",""75"",""54"""
"USW00023272,""SAN FRANCISCO DOWNTOWN, CA US"",""2018-02-07"",""71"",""55"""
"USW00023272,""SAN FRANCISCO DOWNTOWN, CA US"",""2018-02-08"",""74"",""54"""
"USW00023272,""SAN FRANCISCO DOWNTOWN, CA US"",""2018-02-09"",""76"",""54"""
"USW00023272,""SAN FRANCISCO DOWNTOWN, CA US"",""2018-02-10"",""68"",""52"""
"USW00023272,""SAN FRANCISCO DOWNTOWN, CA US"",""2018-02-11"",""61"",""48"""
"USW00023272,""SAN FRANCISCO DOWNTOWN, CA US"",""2018-02-12"",""57"",""47"""
"USW00023272,""SAN FRANCISCO DOWNTOWN, CA US"",""2018-02-13"",""63"",""50"""
"USW00023272,""SAN FRANCISCO DOWNTOWN, CA US"",""2018-02-14"",""58"",""47"""
"USW00023272,""SAN FRANCISCO DOWNTOWN, CA US"",""2018-02-15"",""63"",""46"""
"USW00023272,""SAN FRANCISCO DOWNTOWN, CA US"",""2018-02-16"",""65"",""46"""
"USW00023272,""SAN FRANCISCO DOWNTOWN, CA US"",""2018-02-17"",""67"",""48"""
"USW00023272,""SAN FRANCISCO DOWNTOWN, CA US"",""2018-02-18"",""53"",""44"""
"USW00023272,""SAN FRANCISCO DOWNTOWN, CA US"",""2018-02-19"",""51"",""41"""
"USW00023272,""SAN FRANCISCO DOWNTOWN, CA US"",""2018-02-20"",""52"",""40"""
"USW00023272,""SAN FRANCISCO DOWNTOWN, CA US"",""2018-02-21"",""55"",""43"""
"USW00023272,""SAN FRANCISCO DOWNTOWN, CA US"",""2018-02-22"",""52"",""44"""
"USW00023272,""SAN FRANCISCO DOWNTOWN, CA US"",""2018-02-23"",""52"",""40"""
"USW00023272,""SAN FRANCISCO DOWNTOWN, CA US"",""2018-02-24"",""54"",""41"""
"USW00023272,""SAN FRANCISCO DOWNTOWN, CA US"",""2018-02-25"",""58"",""43"""
"USW00023272,""SAN FRANCISCO DOWNTOWN, CA US"",""2018-02-26"",""51"",""44"""
"USW00023272,""SAN FRANCISCO DOWNTOWN, CA US"",""2018-02-27"",""56"",""44"""
"USW00023272,""SAN FRANCISCO DOWNTOWN, CA US"",""2018-03-01"",""58"",""46"""
"USW00023272,""SAN FRANCISCO DOWNTOWN, CA US"",""2018-03-02"",""53"",""44"""
"USW00023272,""SAN FRANCISCO DOWNTOWN, CA US"",""2018-03-03"",""53"",""44"""
"USW00023272,""SAN FRANCISCO DOWNTOWN, CA US"",""2018-03-04"",""55"",""42"""
"USW00023272,""SAN FRANCISCO DOWNTOWN, CA US"",""2018-03-05"",""61"",""44"""
"USW00023272,""SAN FRANCISCO DOWNTOWN, CA US"",""2018-03-06"",""66"",""47"""
"USW00023272,""SAN FRANCISCO DOWNTOWN, CA US"",""2018-03-07"",""69"",""53"""
"USW00023272,""SAN FRANCISCO DOWNTOWN, CA US"",""2018-03-08"",""60"",""49"""
"USW00023272,""SAN FRANCISCO DOWNTOWN, CA US"",""2018-03-09"",""60"",""47"""
"USW00023272,""SAN FRANCISCO DOWNTOWN, CA US"",""2018-03-10"",""58"",""47"""
"USW00023272,""SAN FRANCISCO DOWNTOWN, CA US"",""2018-03-11"",""69"",""47"""
"USW00023272,""SAN FRANCISCO DOWNTOWN, CA US"",""2018-03-12"",""67"",""49"""
"USW00023272,""SAN FRANCISCO DOWNTOWN, CA US"",""2018-03-13"",""61"",""49"""
"USW00023272,""SAN FRANCISCO DOWNTOWN, CA US"",""2018-03-14"",""58"",""48"""
"USW00023272,""SAN FRANCISCO DOWNTOWN, CA US"",""2018-03-15"",""56"",""45"""
"USW00023272,""SAN FRANCISCO DOWNTOWN, CA US"",""2018-03-16"",""54"",""45"""
"USW00023272,""SAN FRANCISCO DOWNTOWN, CA US"",""2018-03-17"",""57"",""45"""
"USW00023272,""SAN FRANCISCO DOWNTOWN, CA US"",""2018-03-18"",""56"",""45"""
"USW00023272,""SAN FRANCISCO DOWNTOWN, CA US"",""2018-03-19"",""64"",""47"""
"USW00023272,""SAN FRANCISCO DOWNTOWN, CA US"",""2018-03-20"",""59"",""51"""
"USW00023272,""SAN FRANCISCO DOWNTOWN, CA US"",""2018-03-21"",""64"",""53"""
"USW00023272,""SAN FRANCISCO DOWNTOWN, CA US"",""2018-03-22"",""60"",""48"""
"USW00023272,""SAN FRANCISCO DOWNTOWN, CA US"",""2018-03-23"",""58"",""46"""
"USW00023272,""SAN FRANCISCO DOWNTOWN, CA US"",""2018-03-24"",""55"",""46"""
"USW00023272,""SAN FRANCISCO DOWNTOWN, CA US"",""2018-03-25"",""55"",""44"""
"USW00023272,""SAN FRANCISCO DOWNTOWN, CA US"",""2018-03-26"",""61"",""45"""
"USW00023272,""SAN FRANCISCO DOWNTOWN, CA US"",""2018-03-27"",""68"",""53"""
"USW00023272,""SAN FRANCISCO DOWNTOWN, CA US"",""2018-03-28"",""76"",""52"""
"USW00023272,""SAN FRANCISCO DOWNTOWN, CA US"",""2018-03-29"",""81"",""55"""
"USW00023272,""SAN FRANCISCO DOWNTOWN, CA US"",""2018-03-30"",""79"",""56"""
"USW00023272,""SAN FRANCISCO DOWNTOWN, CA US"",""2018-03-31"",""60"",""51"""
"USW00023272,""SAN FRANCISCO DOWNTOWN, CA US"",""2018-04-01"",""65"",""51"""
"USW00023272,""SAN FRANCISCO DOWNTOWN, CA US"",""2018-04-02"",""63"",""51"""
"USW00023272,""SAN FRANCISCO DOWNTOWN, CA US"",""2018-04-03"",""59"",""49"""
"USW00023272,""SAN FRANCISCO DOWNTOWN, CA US"",""2018-04-04"",""60"",""51"""
"USW00023272,""SAN FRANCISCO DOWNTOWN, CA US"",""2018-04-05"",""61"",""52"""
"USW00023272,""SAN FRANCISCO DOWNTOWN, CA US"",""2018-04-06"",""61"",""56"""
"USW00023272,""SAN FRANCISCO DOWNTOWN, CA US"",""2018-04-07"",""62"",""54"""
"USW00023272,""SAN FRANCISCO DOWNTOWN, CA US"",""2018-04-08"",""61"",""50"""
"USW00023272,""SAN FRANCISCO DOWNTOWN, CA US"",""2018-04-09"",""74"",""52"""
"USW00023272,""SAN FRANCISCO DOWNTOWN, CA US"",""2018-04-10"",""63"",""52"""
"USW00023272,""SAN FRANCISCO DOWNTOWN, CA US"",""2018-04-11"",""60"",""49"""
"USW00023272,""SAN FRANCISCO DOWNTOWN, CA US"",""2018-04-12"",""57"",""48"""
"USW00023272,""SAN FRANCISCO DOWNTOWN, CA US"",""2018-04-13"",""63"",""49"""
"USW00023272,""SAN FRANCISCO DOWNTOWN, CA US"",""2018-04-14"",""68"",""52"""
"USW00023272,""SAN FRANCISCO DOWNTOWN, CA US"",""2018-04-15"",""60"",""50"""
"USW00023272,""SAN FRANCISCO DOWNTOWN, CA US"",""2018-04-16"",""55"",""45"""
"USW00023272,""SAN FRANCISCO DOWNTOWN, CA US"",""2018-04-17"",""61"",""45"""
"USW00023272,""SAN FRANCISCO DOWNTOWN, CA US"",""2018-04-18"",""57"",""49"""
"USW00023272,""SAN FRANCISCO DOWNTOWN, CA US"",""2018-04-19"",""60"",""47"""
"USW00023272,""SAN FRANCISCO DOWNTOWN, CA US"",""2018-04-20"",""65"",""49"""
"USW00023272,""SAN FRANCISCO DOWNTOWN, CA US"",""2018-04-21"",""71"",""49"""
"USW00023272,""SAN FRANCISCO DOWNTOWN, CA US"",""2018-04-22"",""72"",""49"""
"USW00023272,""SAN FRANCISCO DOWNTOWN, CA US"",""2018-04-23"",""70"",""52"""
"USW00023272,""SAN FRANCISCO DOWNTOWN, CA US"",""2018-04-24"",""59"",""51"""
"USW00023272,""SAN FRANCISCO DOWNTOWN, CA US"",""2018-04-25"",""58"",""49"""
"USW00023272,""SAN FRANCISCO DOWNTOWN, CA US"",""2018-04-26"",""58"",""51"""
"USW00023272,""SAN FRANCISCO DOWNTOWN, CA US"",""2018-04-27"",""63"",""52"""
"USW00023272,""SAN FRANCISCO DOWNTOWN, CA US"",""2018-04-28"",""63"",""53"""
"USW00023272,""SAN FRANCISCO DOWNTOWN, CA US"",""2018-04-29"",""61"",""52"""
"USW00023272,""SAN FRANCISCO DOWNTOWN, CA US"",""2018-04-30"",""60"",""50"""
"USW00023272,""SAN FRANCISCO DOWNTOWN, CA US"",""2018-05-01"",""62"",""49"""
"USW00023272,""SAN FRANCISCO DOWNTOWN, CA US"",""2018-05-02"",""60"",""50"""
"USW00023272,""SAN FRANCISCO DOWNTOWN, CA US"",""2018-05-03"",""58"",""51"""
"USW00023272,""SAN FRANCISCO DOWNTOWN, CA US"",""2018-05-04"",""62"",""50"""
"USW00023272,""SAN FRANCISCO DOWNTOWN, CA US"",""2018-05-05"",""57"",""50"""
"USW00023272,""SAN FRANCISCO DOWNTOWN, CA US"",""2018-05-06"",""59"",""52"""
"USW00023272,""SAN FRANCISCO DOWNTOWN, CA US"",""2018-05-07"",""66"",""52"""
"USW00023272,""SAN FRANCISCO DOWNTOWN, CA US"",""2018-05-08"",""59"",""52"""
"USW00023272,""SAN FRANCISCO DOWNTOWN, CA US"",""2018-05-09"",""62"",""53"""
"USW00023272,""SAN FRANCISCO DOWNTOWN, CA US"",""2018-05-10"",""66"",""52"""
"USW00023272,""SAN FRANCISCO DOWNTOWN, CA US"",""2018-05-11"",""69"",""52"""
"USW00023272,""SAN FRANCISCO DOWNTOWN, CA US"",""2018-05-12"",""69"",""53"""
"USW00023272,""SAN FRANCISCO DOWNTOWN, CA US"",""2018-05-13"",""61"",""53"""
"USW00023272,""SAN FRANCISCO DOWNTOWN, CA US"",""2018-05-14"",""58"",""52"""
"USW00023272,""SAN FRANCISCO DOWNTOWN, CA US"",""2018-05-15"",""63"",""54"""
"USW00023272,""SAN FRANCISCO DOWNTOWN, CA US"",""2018-05-16"",""63"",""53"""
"USW00023272,""SAN FRANCISCO DOWNTOWN, CA US"",""2018-05-17"",""62"",""53"""
"USW00023272,""SAN FRANCISCO DOWNTOWN, CA US"",""2018-05-18"",""60"",""52"""
"USW00023272,""SAN FRANCISCO DOWNTOWN, CA US"",""2018-05-19"",""59"",""52"""
"USW00023272,""SAN FRANCISCO DOWNTOWN, CA US"",""2018-05-20"",""59"",""52"""
"USW00023272,""SAN FRANCISCO DOWNTOWN, CA US"",""2018-05-21"",""61"",""50"""
"USW00023272,""SAN FRANCISCO DOWNTOWN, CA US"",""2018-05-22"",""57"",""51"""
"USW00023272,""SAN FRANCISCO DOWNTOWN, CA US"",""2018-05-23"",""59"",""53"""
"USW00023272,""SAN FRANCISCO DOWNTOWN, CA US"",""2018-05-24"",""61"",""53"""
"USW00023272,""SAN FRANCISCO DOWNTOWN, CA US"",""2018-05-25"",""63"",""54"""
"USW00023272,""SAN FRANCISCO DOWNTOWN, CA US"",""2018-05-26"",""63"",""53"""
"USW00023272,""SAN FRANCISCO DOWNTOWN, CA US"",""2018-05-27"",""70"",""52"""
"USW00023272,""SAN FRANCISCO DOWNTOWN, CA US"",""2018-05-28"",""77"",""55"""
"USW00023272,""SAN FRANCISCO DOWNTOWN, CA US"",""2018-05-29"",""69"",""52"""
"USW00023272,""SAN FRANCISCO DOWNTOWN, CA US"",""2018-05-30"",""58"",""51"""
"USW00023272,""SAN FRANCISCO DOWNTOWN, CA US"",""2018-05-31"",""60"",""51"""
"USW00023272,""SAN FRANCISCO DOWNTOWN, CA US"",""2018-06-01"",""68"",""50"""
"USW00023272,""SAN FRANCISCO DOWNTOWN, CA US"",""2018-06-02"",""78"",""53"""
"USW00023272,""SAN FRANCISCO DOWNTOWN, CA US"",""2018-06-03"",""73"",""54"""
"USW00023272,""SAN FRANCISCO DOWNTOWN, CA US"",""2018-06-04"",""64"",""52"""
"USW00023272,""SAN FRANCISCO DOWNTOWN, CA US"",""2018-06-05"",""63"",""50"""
"USW00023272,""SAN FRANCISCO DOWNTOWN, CA US"",""2018-06-06"",""60"",""51"""
"USW00023272,""SAN FRANCISCO DOWNTOWN, CA US"",""2018-06-07"",""61"",""52"""
"USW00023272,""SAN FRANCISCO DOWNTOWN, CA US"",""2018-06-08"",""64"",""52"""
"USW00023272,""SAN FRANCISCO DOWNTOWN, CA US"",""2018-06-09"",""63"",""54"""
"USW00023272,""SAN FRANCISCO DOWNTOWN, CA US"",""2018-06-10"",""65"",""52"""
"USW00023272,""SAN FRANCISCO DOWNTOWN, CA US"",""2018-06-11"",""67"",""54"""
"USW00023272,""SAN FRANCISCO DOWNTOWN, CA US"",""2018-06-12"",""71"",""55"""
"USW00023272,""SAN FRANCISCO DOWNTOWN, CA US"",""2018-06-13"",""75"",""53"""
"USW00023272,""SAN FRANCISCO DOWNTOWN, CA US"",""2018-06-14"",""64"",""53"""
"USW00023272,""SAN FRANCISCO DOWNTOWN, CA US"",""2018-06-15"",""59"",""53"""
"USW00023272,""SAN FRANCISCO DOWNTOWN, CA US"",""2018-06-16"",""67"",""53"""
"USW00023272,""SAN FRANCISCO DOWNTOWN, CA US"",""2018-06-17"",""66"",""55"""
"USW00023272,""SAN FRANCISCO DOWNTOWN, CA US"",""2018-06-18"",""63"",""54"""
"USW00023272,""SAN FRANCISCO DOWNTOWN, CA US"",""2018-06-19"",""60"",""53"""
"USW00023272,""SAN FRANCISCO DOWNTOWN, CA US"",""2018-06-20"",""59"",""52"""
"USW00023272,""SAN FRANCISCO DOWNTOWN, CA US"",""2018-06-21"",""69"",""51"""
"USW00023272,""SAN FRANCISCO DOWNTOWN, CA US"",""2018-06-22"",""71"",""53"""
"USW00023272,""SAN FRANCISCO DOWNTOWN, CA US"",""2018-06-23"",""80"",""55"""
"USW00023272,""SAN FRANCISCO DOWNTOWN, CA US"",""2018-06-24"",""73"",""55"""
"USW00023272,""SAN FRANCISCO DOWNTOWN, CA US"",""2018-06-25"",""64"",""55"""
"USW00023272,""SAN FRANCISCO DOWNTOWN, CA US"",""2018-06-26"",""64"",""53"""
"USW00023272,""SAN FRANCISCO DOWNTOWN, CA US"",""2018-06-27"",""58"",""54"""
"USW00023272,""SAN FRANCISCO DOWNTOWN, CA US"",""2018-06-28"",""66"",""54"""
"USW00023272,""SAN FRANCISCO DOWNTOWN, CA US"",""2018-06-29"",""71"",""53"""
"USW00023272,""SAN FRANCISCO DOWNTOWN, CA US"",""2018-06-30"",""68"",""55"""
"USW00023272,""SAN FRANCISCO DOWNTOWN, CA US"",""2018-07-01"",""62"",""55"""
"USW00023272,""SAN FRANCISCO DOWNTOWN, CA US"",""2018-07-02"",""63"",""55"""
"USW00023272,""SAN FRANCISCO DOWNTOWN, CA US"",""2018-07-03"",""68"",""54"""
"USW00023272,""SAN FRANCISCO DOWNTOWN, CA US"",""2018-07-04"",""64"",""54"""
"USW00023272,""SAN FRANCISCO DOWNTOWN, CA US"",""2018-07-05"",""68"",""53"""
"USW00023272,""SAN FRANCISCO DOWNTOWN, CA US"",""2018-07-06"",""73"",""59"""
"USW00023272,""SAN FRANCISCO DOWNTOWN, CA US"",""2018-07-07"",""67"",""56"""
"USW00023272,""SAN FRANCISCO DOWNTOWN, CA US"",""2018-07-08"",""67"",""54"""
"USW00023272,""SAN FRANCISCO DOWNTOWN, CA US"",""2018-07-09"",""74"",""55"""
"USW00023272,""SAN FRANCISCO DOWNTOWN, CA US"",""2018-07-10"",""77"",""55"""
"USW00023272,""SAN FRANCISCO DOWNTOWN, CA US"",""2018-07-11"",""68"",""55"""
"USW00023272,""SAN FRANCISCO DOWNTOWN, CA US"",""2018-07-12"",""66"",""56"""
"USW00023272,""SAN FRANCISCO DOWNTOWN, CA US"",""2018-07-13"",""68"",""57"""
"USW00023272,""SAN FRANCISCO DOWNTOWN, CA US"",""2018-07-14"",""64"",""56"""
"USW00023272,""SAN FRANCISCO DOWNTOWN, CA US"",""2018-07-15"",""65"",""55"""
"USW00023272,""SAN FRANCISCO DOWNTOWN, CA US"",""2018-07-16"",""65"",""55"""
"USW00023272,""SAN FRANCISCO DOWNTOWN, CA US"",""2018-07-17"",""65"",""55"""
"USW00023272,""SAN FRANCISCO DOWNTOWN, CA US"",""2018-07-18"",""66"",""55"""
"USW00023272,""SAN FRANCISCO DOWNTOWN, CA US"",""2018-07-19"",""66"",""55"""
"USW00023272,""SAN FRANCISCO DOWNTOWN, CA US"",""2018-07-20"",""71"",""57"""
"USW00023272,""SAN FRANCISCO DOWNTOWN, CA US"",""2018-07-21"",""66"",""59"""
"USW00023272,""SAN FRANCISCO DOWNTOWN, CA US"",""2018-07-22"",""68"",""58"""
"USW00023272,""SAN FRANCISCO DOWNTOWN, CA US"",""2018-07-23"",""65"",""57"""
"USW00023272,""SAN FRANCISCO DOWNTOWN, CA US"",""2018-07-24"",""65"",""56"""
"USW00023272,""SAN FRANCISCO DOWNTOWN, CA US"",""2018-07-25"",""64"",""55"""
"USW00023272,""SAN FRANCISCO DOWNTOWN, CA US"",""2018-07-26"",""61"",""54"""
"USW00023272,""SAN FRANCISCO DOWNTOWN, CA US"",""2018-07-27"",""59"",""53"""
"USW00023272,""SAN FRANCISCO DOWNTOWN, CA US"",""2018-07-28"",""65"",""52"""
"USW00023272,""SAN FRANCISCO DOWNTOWN, CA US"",""2018-07-29"",""61"",""52"""
"USW00023272,""SAN FRANCISCO DOWNTOWN, CA US"",""2018-07-30"",""61"",""52"""
"USW00023272,""SAN FRANCISCO DOWNTOWN, CA US"",""2018-07-31"",""61"",""52"""
"USW00023272,""SAN FRANCISCO DOWNTOWN, CA US"",""2018-08-01"",""61"",""52"""
"USW00023272,""SAN FRANCISCO DOWNTOWN, CA US"",""2018-08-02"",""63"",""52"""
"USW00023272,""SAN FRANCISCO DOWNTOWN, CA US"",""2018-08-03"",""71"",""53"""
"USW00023272,""SAN FRANCISCO DOWNTOWN, CA US"",""2018-08-04"",""68"",""55"""
"USW00023272,""SAN FRANCISCO DOWNTOWN, CA US"",""2018-08-05"",""66"",""53"""
"USW00023272,""SAN FRANCISCO DOWNTOWN, CA US"",""2018-08-06"",""69"",""51"""
"USW00023272,""SAN FRANCISCO DOWNTOWN, CA US"",""2018-08-07"",""59"",""51"""
"USW00023272,""SAN FRANCISCO DOWNTOWN, CA US"",""2018-08-08"",""68"",""53"""
"USW00023272,""SAN FRANCISCO DOWNTOWN, CA US"",""2018-08-09"",""72"",""53"""
"USW00023272,""SAN FRANCISCO DOWNTOWN, CA US"",""2018-08-10"",""66"",""53"""
"USW00023272,""SAN FRANCISCO DOWNTOWN, CA US"",""2018-08-11"",""69"",""57"""
"USW00023272,""SAN FRANCISCO DOWNTOWN, CA US"",""2018-08-12"",""67"",""57"""
"USW00023272,""SAN FRANCISCO DOWNTOWN, CA US"",""2018-08-13"",""61"",""54"""
"USW00023272,""SAN FRANCISCO DOWNTOWN, CA US"",""2018-08-14"",""63"",""55"""
"USW00023272,""SAN FRANCISCO DOWNTOWN, CA US"",""2018-08-15"",""67"",""58"""
"USW00023272,""SAN FRANCISCO DOWNTOWN, CA US"",""2018-08-16"",""66"",""57"""
"USW00023272,""SAN FRANCISCO DOWNTOWN, CA US"",""2018-08-17"",""65"",""54"""
"USW00023272,""SAN FRANCISCO DOWNTOWN, CA US"",""2018-08-18"",""66"",""52"""
"USW00023272,""SAN FRANCISCO DOWNTOWN, CA US"",""2018-08-19"",""64"",""54"""
"USW00023272,""SAN FRANCISCO DOWNTOWN, CA US"",""2018-08-20"",""61"",""54"""
"USW00023272,""SAN FRANCISCO DOWNTOWN, CA US"",""2018-08-21"",""64"",""55"""
"USW00023272,""SAN FRANCISCO DOWNTOWN, CA US"",""2018-08-22"",""67"",""58"""
"USW00023272,""SAN FRANCISCO DOWNTOWN, CA US"",""2018-08-23"",""66"",""59"""
"USW00023272,""SAN FRANCISCO DOWNTOWN, CA US"",""2018-08-24"",""66"",""56"""
"USW00023272,""SAN FRANCISCO DOWNTOWN, CA US"",""2018-08-25"",""65"",""55"""
"USW00023272,""SAN FRANCISCO DOWNTOWN, CA US"",""2018-08-26"",""66"",""55"""
"USW00023272,""SAN FRANCISCO DOWNTOWN, CA US"",""2018-08-27"",""68"",""56"""
"USW00023272,""SAN FRANCISCO DOWNTOWN, CA US"",""2018-08-28"",""68"",""57"""
"USW00023272,""SAN FRANCISCO DOWNTOWN, CA US"",""2018-08-29"",""71"",""58"""
"USW00023272,""SAN FRANCISCO DOWNTOWN, CA US"",""2018-08-30"",""68"",""58"""
"USW00023272,""SAN FRANCISCO DOWNTOWN, CA US"",""2018-08-31"",""66"",""56"""
"USW00023272,""SAN FRANCISCO DOWNTOWN, CA US"",""2018-09-01"",""64"",""55"""
"USW00023272,""SAN FRANCISCO DOWNTOWN, CA US"",""2018-09-02"",""65"",""55"""
"USW00023272,""SAN FRANCISCO DOWNTOWN, CA US"",""2018-09-03"",""65"",""56"""
"USW00023272,""SAN FRANCISCO DOWNTOWN, CA US"",""2018-09-04"",""66"",""56"""
"USW00023272,""SAN FRANCISCO DOWNTOWN, CA US"",""2018-09-05"",""62"",""56"""
"USW00023272,""SAN FRANCISCO DOWNTOWN, CA US"",""2018-09-06"",""61"",""55"""
"USW00023272,""SAN FRANCISCO DOWNTOWN, CA US"",""2018-09-07"",""66"",""55"""
"USW00023272,""SAN FRANCISCO DOWNTOWN, CA US"",""2018-09-08"",""69"",""56"""
"USW00023272,""SAN FRANCISCO DOWNTOWN, CA US"",""2018-09-09"",""70"",""54"""
"USW00023272,""SAN FRANCISCO DOWNTOWN, CA US"",""2018-09-10"",""73"",""55"""
"USW00023272,""SAN FRANCISCO DOWNTOWN, CA US"",""2018-09-11"",""69"",""54"""
"USW00023272,""SAN FRANCISCO DOWNTOWN, CA US"",""2018-09-12"",""63"",""54"""
"USW00023272,""SAN FRANCISCO DOWNTOWN, CA US"",""2018-09-13"",""65"",""55"""
"USW00023272,""SAN FRANCISCO DOWNTOWN, CA US"",""2018-09-14"",""65"",""54"""
"USW00023272,""SAN FRANCISCO DOWNTOWN, CA US"",""2018-09-15"",""62"",""53"""
"USW00023272,""SAN FRANCISCO DOWNTOWN, CA US"",""2018-09-16"",""66"",""55"""
"USW00023272,""SAN FRANCISCO DOWNTOWN, CA US"",""2018-09-17"",""62"",""55"""
"USW00023272,""SAN FRANCISCO DOWNTOWN, CA US"",""2018-09-18"",""64"",""54"""
"USW00023272,""SAN FRANCISCO DOWNTOWN, CA US"",""2018-09-19"",""68"",""52"""
"USW00023272,""SAN FRANCISCO DOWNTOWN, CA US"",""2018-09-20"",""83"",""57"""
"USW00023272,""SAN FRANCISCO DOWNTOWN, CA US"",""2018-09-21"",""64"",""54"""
"USW00023272,""SAN FRANCISCO DOWNTOWN, CA US"",""2018-09-22"",""61"",""53"""
"USW00023272,""SAN FRANCISCO DOWNTOWN, CA US"",""2018-09-23"",""66"",""53"""
"USW00023272,""SAN FRANCISCO DOWNTOWN, CA US"",""2018-09-24"",""66"",""50"""
"USW00023272,""SAN FRANCISCO DOWNTOWN, CA US"",""2018-09-25"",""64"",""53"""
"USW00023272,""SAN FRANCISCO DOWNTOWN, CA US"",""2018-09-26"",""74"",""53"""
"USW00023272,""SAN FRANCISCO DOWNTOWN, CA US"",""2018-09-27"",""60"",""51"""
"USW00023272,""SAN FRANCISCO DOWNTOWN, CA US"",""2018-09-28"",""65"",""55"""
"USW00023272,""SAN FRANCISCO DOWNTOWN, CA US"",""2018-09-29"",""70"",""58"""
"USW00023272,""SAN FRANCISCO DOWNTOWN, CA US"",""2018-09-30"",""70"",""61"""
"USW00023272,""SAN FRANCISCO DOWNTOWN, CA US"",""2018-10-01"",""72"",""59"""
"USW00023272,""SAN FRANCISCO DOWNTOWN, CA US"",""2018-10-02"",""78"",""61"""
"USW00023272,""SAN FRANCISCO DOWNTOWN, CA US"",""2018-10-03"",""71"",""61"""
"USW00023272,""SAN FRANCISCO DOWNTOWN, CA US"",""2018-10-04"",""68"",""57"""
"USW00023272,""SAN FRANCISCO DOWNTOWN, CA US"",""2018-10-05"",""66"",""55"""
"USW00023272,""SAN FRANCISCO DOWNTOWN, CA US"",""2018-10-06"",""69"",""58"""
"USW00023272,""SAN FRANCISCO DOWNTOWN, CA US"",""2018-10-07"",""79"",""63"""
"USW00023272,""SAN FRANCISCO DOWNTOWN, CA US"",""2018-10-08"",""79"",""58"""
"USW00023272,""SAN FRANCISCO DOWNTOWN, CA US"",""2018-10-09"",""65"",""55"""
"USW00023272,""SAN FRANCISCO DOWNTOWN, CA US"",""2018-10-10"",""64"",""54"""
"USW00023272,""SAN FRANCISCO DOWNTOWN, CA US"",""2018-10-11"",""66"",""54"""
"USW00023272,""SAN FRANCISCO DOWNTOWN, CA US"",""2018-10-12"",""78"",""54"""
"USW00023272,""SAN FRANCISCO DOWNTOWN, CA US"",""2018-10-13"",""64"",""55"""
"USW00023272,""SAN FRANCISCO DOWNTOWN, CA US"",""2018-10-14"",""64"",""55"""
"USW00023272,""SAN FRANCISCO DOWNTOWN, CA US"",""2018-10-15"",""81"",""57"""
"USW00023272,""SAN FRANCISCO DOWNTOWN, CA US"",""2018-10-16"",""71"",""54"""
"USW00023272,""SAN FRANCISCO DOWNTOWN, CA US"",""2018-10-17"",""69"",""53"""
"USW00023272,""SAN FRANCISCO DOWNTOWN, CA US"",""2018-10-18"",""65"",""53"""
"USW00023272,""SAN FRANCISCO DOWNTOWN, CA US"",""2018-10-19"",""72"",""52"""
"USW00023272,""SAN FRANCISCO DOWNTOWN, CA US"",""2018-10-20"",""64"",""52"""
"USW00023272,""SAN FRANCISCO DOWNTOWN, CA US"",""2018-10-21"",""60"",""52"""
"USW00023272,""SAN FRANCISCO DOWNTOWN, CA US"",""2018-10-22"",""61"",""54"""
"USW00023272,""SAN FRANCISCO DOWNTOWN, CA US"",""2018-10-23"",""62"",""54"""
"USW00023272,""SAN FRANCISCO DOWNTOWN, CA US"",""2018-10-24"",""66"",""54"""
"USW00023272,""SAN FRANCISCO DOWNTOWN, CA US"",""2018-10-25"",""72"",""54"""
"USW00023272,""SAN FRANCISCO DOWNTOWN, CA US"",""2018-10-26"",""72"",""55"""
"USW00023272,""SAN FRANCISCO DOWNTOWN, CA US"",""2018-10-27"",""67"",""56"""
"USW00023272,""SAN FRANCISCO DOWNTOWN, CA US"",""2018-10-28"",""67"",""56"""
"USW00023272,""SAN FRANCISCO DOWNTOWN, CA US"",""2018-10-29"",""67"",""56"""
"USW00023272,""SAN FRANCISCO DOWNTOWN, CA US"",""2018-10-30"",""68"",""54"""
"USW00023272,""SAN FRANCISCO DOWNTOWN, CA US"",""2018-10-31"",""75"",""54"""
"USW00023272,""SAN FRANCISCO DOWNTOWN, CA US"",""2018-11-01"",""81"",""59"""
"USW00023272,""SAN FRANCISCO DOWNTOWN, CA US"",""2018-11-02"",""73"",""56"""
"USW00023272,""SAN FRANCISCO DOWNTOWN, CA US"",""2018-11-03"",""76"",""56"""
"USW00023272,""SAN FRANCISCO DOWNTOWN, CA US"",""2018-11-04"",""67"",""53"""
"USW00023272,""SAN FRANCISCO DOWNTOWN, CA US"",""2018-11-05"",""70"",""53"""
"USW00023272,""SAN FRANCISCO DOWNTOWN, CA US"",""2018-11-06"",""76"",""53"""
"USW00023272,""SAN FRANCISCO DOWNTOWN, CA US"",""2018-11-07"",""74"",""52"""
"USW00023272,""SAN FRANCISCO DOWNTOWN, CA US"",""2018-11-08"",""71"",""56"""
"USW00023272,""SAN FRANCISCO DOWNTOWN, CA US"",""2018-11-09"",""68"",""53"""
"USW00023272,""SAN FRANCISCO DOWNTOWN, CA US"",""2018-11-10"",""62"",""48"""
"USW00023272,""SAN FRANCISCO DOWNTOWN, CA US"",""2018-11-11"",""69"",""49"""
"USW00023272,""SAN FRANCISCO DOWNTOWN, CA US"",""2018-11-12"",""69"",""50"""
"USW00023272,""SAN FRANCISCO DOWNTOWN, CA US"",""2018-11-13"",""63"",""52"""
"USW00023272,""SAN FRANCISCO DOWNTOWN, CA US"",""2018-11-14"",""65"",""49"""
"USW00023272,""SAN FRANCISCO DOWNTOWN, CA US"",""2018-11-15"",""63"",""49"""
"USW00023272,""SAN FRANCISCO DOWNTOWN, CA US"",""2018-11-16"",""66"",""50"""
"USW00023272,""SAN FRANCISCO DOWNTOWN, CA US"",""2018-11-17"",""57"",""48"""
"USW00023272,""SAN FRANCISCO DOWNTOWN, CA US"",""2018-11-18"",""61"",""49"""
"USW00023272,""SAN FRANCISCO DOWNTOWN, CA US"",""2018-11-19"",""65"",""48"""
"USW00023272,""SAN FRANCISCO DOWNTOWN, CA US"",""2018-11-20"",""65"",""49"""
"USW00023272,""SAN FRANCISCO DOWNTOWN, CA US"",""2018-11-21"",""59"",""55"""
"USW00023272,""SAN FRANCISCO DOWNTOWN, CA US"",""2018-11-22"",""62"",""55"""
"USW00023272,""SAN FRANCISCO DOWNTOWN, CA US"",""2018-11-23"",""60"",""55"""
"USW00023272,""SAN FRANCISCO DOWNTOWN, CA US"",""2018-11-24"",""59"",""54"""
"USW00023272,""SAN FRANCISCO DOWNTOWN, CA US"",""2018-11-25"",""65"",""53"""
"USW00023272,""SAN FRANCISCO DOWNTOWN, CA US"",""2018-11-26"",""65"",""51"""
"USW00023272,""SAN FRANCISCO DOWNTOWN, CA US"",""2018-11-27"",""59"",""53"""
"USW00023272,""SAN FRANCISCO DOWNTOWN, CA US"",""2018-11-28"",""63"",""57"""
"USW00023272,""SAN FRANCISCO DOWNTOWN, CA US"",""2018-11-29"",""60"",""54"""
"USW00023272,""SAN FRANCISCO DOWNTOWN, CA US"",""2018-11-30"",""61"",""52"""
"USW00023272,""SAN FRANCISCO DOWNTOWN, CA US"",""2018-12-01"",""57"",""50"""
"USW00023272,""SAN FRANCISCO DOWNTOWN, CA US"",""2018-12-02"",""57"",""45"""
"USW00023272,""SAN FRANCISCO DOWNTOWN, CA US"",""2018-12-03"",""57"",""49"""
"USW00023272,""SAN FRANCISCO DOWNTOWN, CA US"",""2018-12-04"",""55"",""51"""
"USW00023272,""SAN FRANCISCO DOWNTOWN, CA US"",""2018-12-05"",""55"",""49"""
"USW00023272,""SAN FRANCISCO DOWNTOWN, CA US"",""2018-12-06"",""60"",""52"""
"USW00023272,""SAN FRANCISCO DOWNTOWN, CA US"",""2018-12-07"",""61"",""49"""
"USW00023272,""SAN FRANCISCO DOWNTOWN, CA US"",""2018-12-08"",""59"",""49"""
"USW00023272,""SAN FRANCISCO DOWNTOWN, CA US"",""2018-12-09"",""53"",""48"""
"USW00023272,""SAN FRANCISCO DOWNTOWN, CA US"",""2018-12-10"",""57"",""49"""
"USW00023272,""SAN FRANCISCO DOWNTOWN, CA US"",""2018-12-11"",""59"",""46"""
"USW00023272,""SAN FRANCISCO DOWNTOWN, CA US"",""2018-12-12"",""61"",""51"""
"USW00023272,""SAN FRANCISCO DOWNTOWN, CA US"",""2018-12-13"",""62"",""49"""
"USW00023272,""SAN FRANCISCO DOWNTOWN, CA US"",""2018-12-14"",""62"",""51"""
"USW00023272,""SAN FRANCISCO DOWNTOWN, CA US"",""2018-12-15"",""62"",""53"""
"USW00023272,""SAN FRANCISCO DOWNTOWN, CA US"",""2018-12-16"",""60"",""53"""
"USW00023272,""SAN FRANCISCO DOWNTOWN, CA US"",""2018-12-17"",""60"",""51"""
"USW00023272,""SAN FRANCISCO DOWNTOWN, CA US"",""2018-12-18"",""62"",""50"""
"USW00023272,""SAN FRANCISCO DOWNTOWN, CA US"",""2018-12-19"",""60"",""53"""
"USW00023272,""SAN FRANCISCO DOWNTOWN, CA US"",""2018-12-20"",""55"",""50"""
"USW00023272,""SAN FRANCISCO DOWNTOWN, CA US"",""2018-12-21"",""58"",""53"""
"USW00023272,""SAN FRANCISCO DOWNTOWN, CA US"",""2018-12-22"",""59"",""47"""
"USW00023272,""SAN FRANCISCO DOWNTOWN, CA US"",""2018-12-23"",""59"",""50"""
"USW00023272,""SAN FRANCISCO DOWNTOWN, CA US"",""2018-12-24"",""58"",""51"""
"USW00023272,""SAN FRANCISCO DOWNTOWN, CA US"",""2018-12-25"",""60"",""47"""
"USW00023272,""SAN FRANCISCO DOWNTOWN, CA US"",""2018-12-26"",""59"",""47"""
"USW00023272,""SAN FRANCISCO DOWNTOWN, CA US"",""2018-12-27"",""59"",""47"""
"USW00023272,""SAN FRANCISCO DOWNTOWN, CA US"",""2018-12-28"",""60"",""48"""
"USW00023272,""SAN FRANCISCO DOWNTOWN, CA US"",""2018-12-29"",""60"",""45"""
"USW00023272,""SAN FRANCISCO DOWNTOWN, CA US"",""2018-12-30"",""59"",""46"""
"USW00023272,""SAN FRANCISCO DOWNTOWN, CA US"",""2018-12-31"",""56"",""47"""
